id,account_name_profile,account_name_clean,website,linkedin_url,facebook_url,twitter_url,account_phone,employee_count,industry,account_city,account_state,account_country,account_description,technologies,keywords,account_services,postal_code,account_address,subsidiary_of,founded_year,annual_revenue,sic_code,naics_code,logo_url
C001,LogiTech Pakistan,LogiTech Pakistan,https://www.logitechpakistan.com,https://www.linkedin.com/company/logitech-pakistan,https://facebook.com/logitechpakistan,https://twitter.com/logitechpakistan,+92-367-3985783,100,ERP Solutions,Karachi,Khyber Pakhtunkhwa,Pakistan,LogiTech Pakistan provides enterprise software development in the ERP Solutions sector.,"Python, Java, .NET, React, Angular","ERP Solutions, Enterprise Software Development, Pakistan, IT Services",Enterprise Software Development,21967,"Karachi, Khyber Pakhtunkhwa, Pakistan",,2019,Not disclosed,7022,550504,https://example.com/logos/logitech_pakistan.png
C002,DevOps Pakistan,DevOps Pakistan,https://www.devopspakistan.com,https://www.linkedin.com/company/devops-pakistan,https://facebook.com/devopspakistan,https://twitter.com/devopspakistan,+92-397-3218973,50,Digital Transformation,Islamabad,Islamabad Capital Territory,Pakistan,DevOps Pakistan provides cybersecurity services in the Digital Transformation sector.,"Python, Java, .NET, React, Angular","Digital Transformation, Cybersecurity Services, Pakistan, IT Services",Cybersecurity Services,22048,"Islamabad, Islamabad Capital Territory, Pakistan",,2010,$1M - $5M,7458,566941,https://example.com/logos/devops_pakistan.png
C003,AIOps Pakistan,AIOps Pakistan,https://www.aiopspakistan.com,https://www.linkedin.com/company/aiops-pakistan,https://facebook.com/aiopspakistan,https://twitter.com/aiopspakistan,+92-326-9430919,500,E-commerce,Karachi,Sindh,Pakistan,AIOps Pakistan provides erp implementation in the E-commerce sector.,"Salesforce, HubSpot","E-commerce, ERP Implementation, Pakistan, IT Services",ERP Implementation,43111,"Karachi, Sindh, Pakistan",,2022,$50M - $100M,7989,595339,https://example.com/logos/aiops_pakistan.png
C004,HRTech Pakistan,HRTech Pakistan,https://www.hrtechpakistan.com,https://www.linkedin.com/company/hrtech-pakistan,https://facebook.com/hrtechpakistan,https://twitter.com/hrtechpakistan,+92-342-2391041,25,Cybersecurity,Faisalabad,Islamabad Capital Territory,Pakistan,HRTech Pakistan provides cybersecurity services in the Cybersecurity sector.,"Salesforce, HubSpot","Cybersecurity, Cybersecurity Services, Pakistan, IT Services",Cybersecurity Services,92148,"Faisalabad, Islamabad Capital Territory, Pakistan",,2012,$5M - $10M,7213,564876,https://example.com/logos/hrtech_pakistan.png
C005,ERP Masters Pakistan,ERP Masters Pakistan,https://www.erpmasterspakistan.com,https://www.linkedin.com/company/erp-masters-pakistan,https://facebook.com/erpmasterspakistan,https://twitter.com/erpmasterspakistan,+92-389-8626342,200,Healthcare IT,Islamabad,Punjab,Pakistan,ERP Masters Pakistan provides enterprise software development in the Healthcare IT sector.,"React Native, Flutter","Healthcare IT, Enterprise Software Development, Pakistan, IT Services",Enterprise Software Development,83314,"Islamabad, Punjab, Pakistan",,2018,$5M - $10M,7988,538145,https://example.com/logos/erp_masters_pakistan.png
C006,CyberSec Pakistan,CyberSec Pakistan,https://www.cybersecpakistan.com,https://www.linkedin.com/company/cybersec-pakistan,https://facebook.com/cybersecpakistan,https://twitter.com/cybersecpakistan,+92-376-4190109,1000,Software Development,Karachi,Sindh,Pakistan,CyberSec Pakistan provides software testing & qa in the Software Development sector.,"React Native, Flutter","Software Development, Software Testing & QA, Pakistan, IT Services",Software Testing & QA,75703,"Karachi, Sindh, Pakistan",,2023,$50M - $100M,7163,544167,https://example.com/logos/cybersec_pakistan.png
C007,DataSync Pakistan,DataSync Pakistan,https://www.datasyncpakistan.com,https://www.linkedin.com/company/datasync-pakistan,https://facebook.com/datasyncpakistan,https://twitter.com/datasyncpakistan,+92-379-6730817,25,Cloud Computing,Faisalabad,Sindh,Pakistan,DataSync Pakistan provides cloud migration services in the Cloud Computing sector.,"Salesforce, HubSpot","Cloud Computing, Cloud Migration Services, Pakistan, IT Services",Cloud Migration Services,71441,"Faisalabad, Sindh, Pakistan",,2010,$10M - $50M,7762,519686,https://example.com/logos/datasync_pakistan.png
C008,AgriTech Pakistan,AgriTech Pakistan,https://www.agritechpakistan.com,https://www.linkedin.com/company/agritech-pakistan,https://facebook.com/agritechpakistan,https://twitter.com/agritechpakistan,+92-398-5294507,500,Digital Transformation,Karachi,Punjab,Pakistan,AgriTech Pakistan provides cybersecurity services in the Digital Transformation sector.,"Oracle, SAP, Microsoft Dynamics","Digital Transformation, Cybersecurity Services, Pakistan, IT Services",Cybersecurity Services,25668,"Karachi, Punjab, Pakistan",,2021,Not disclosed,7742,593748,https://example.com/logos/agritech_pakistan.png
C009,ERP Masters Pakistan,ERP Masters Pakistan,https://www.erpmasterspakistan.com,https://www.linkedin.com/company/erp-masters-pakistan,https://facebook.com/erpmasterspakistan,https://twitter.com/erpmasterspakistan,+92-305-6935263,500,Cloud Computing,Faisalabad,Sindh,Pakistan,ERP Masters Pakistan provides mobile app development in the Cloud Computing sector.,"TensorFlow, PyTorch","Cloud Computing, Mobile App Development, Pakistan, IT Services",Mobile App Development,39925,"Faisalabad, Sindh, Pakistan",,2010,$5M - $10M,7359,515216,https://example.com/logos/erp_masters_pakistan.png
C010,FinTech Pakistan,FinTech Pakistan,https://www.fintechpakistan.com,https://www.linkedin.com/company/fintech-pakistan,https://facebook.com/fintechpakistan,https://twitter.com/fintechpakistan,+92-332-3968149,500,Cybersecurity,Faisalabad,Sindh,Pakistan,FinTech Pakistan provides cloud migration services in the Cybersecurity sector.,"MySQL, PostgreSQL, MongoDB","Cybersecurity, Cloud Migration Services, Pakistan, IT Services",Cloud Migration Services,41253,"Faisalabad, Sindh, Pakistan",,2013,$50M - $100M,7780,526036,https://example.com/logos/fintech_pakistan.png
C011,HealthTech Pakistan,HealthTech Pakistan,https://www.healthtechpakistan.com,https://www.linkedin.com/company/healthtech-pakistan,https://facebook.com/healthtechpakistan,https://twitter.com/healthtechpakistan,+92-332-9987198,10,E-commerce,Islamabad,Islamabad Capital Territory,Pakistan,HealthTech Pakistan provides cloud migration services in the E-commerce sector.,"Git, JIRA, Confluence","E-commerce, Cloud Migration Services, Pakistan, IT Services",Cloud Migration Services,65636,"Islamabad, Islamabad Capital Territory, Pakistan",,2013,$1M - $5M,7725,542707,https://example.com/logos/healthtech_pakistan.png
C012,IT Solutions Pakistan,IT Solutions Pakistan,https://www.itsolutionspakistan.com,https://www.linkedin.com/company/it-solutions-pakistan,https://facebook.com/itsolutionspakistan,https://twitter.com/itsolutionspakistan,+92-385-5095025,500,IT Services,Karachi,Sindh,Pakistan,IT Solutions Pakistan provides data analytics solutions in the IT Services sector.,"TensorFlow, PyTorch","IT Services, Data Analytics Solutions, Pakistan, IT Services",Data Analytics Solutions,70549,"Karachi, Sindh, Pakistan",,2014,$50M - $100M,7870,575820,https://example.com/logos/it_solutions_pakistan.png
C013,DPL Technologies,DPL Technologies,https://www.dpltechnologies.com,https://www.linkedin.com/company/dpl-technologies,https://facebook.com/dpltechnologies,https://twitter.com/dpltechnologies,+92-323-8244200,25,ERP Solutions,Islamabad,Punjab,Pakistan,DPL Technologies provides erp implementation in the ERP Solutions sector.,"Docker, Kubernetes, Jenkins","ERP Solutions, ERP Implementation, Pakistan, IT Services",ERP Implementation,50764,"Islamabad, Punjab, Pakistan",,2020,$5M - $10M,7011,562178,https://example.com/logos/dpl_technologies.png
C014,HealthTech Pakistan,HealthTech Pakistan,https://www.healthtechpakistan.com,https://www.linkedin.com/company/healthtech-pakistan,https://facebook.com/healthtechpakistan,https://twitter.com/healthtechpakistan,+92-396-3625976,25,Cybersecurity,Karachi,Islamabad Capital Territory,Pakistan,HealthTech Pakistan provides software testing & qa in the Cybersecurity sector.,"Salesforce, HubSpot","Cybersecurity, Software Testing & QA, Pakistan, IT Services",Software Testing & QA,73910,"Karachi, Islamabad Capital Territory, Pakistan",,2018,$10M - $50M,7938,549456,https://example.com/logos/healthtech_pakistan.png
C015,Digital Innovations PK,Digital Innovations PK,https://www.digitalinnovationspk.com,https://www.linkedin.com/company/digital-innovations-pk,https://facebook.com/digitalinnovationspk,https://twitter.com/digitalinnovationspk,+92-395-7327067,10,ERP Solutions,Lahore,Sindh,Pakistan,Digital Innovations PK provides ai/ml solutions in the ERP Solutions sector.,"MySQL, PostgreSQL, MongoDB","ERP Solutions, AI/ML Solutions, Pakistan, IT Services",AI/ML Solutions,77816,"Lahore, Sindh, Pakistan",,2012,$5M - $10M,7834,534776,https://example.com/logos/digital_innovations_pk.png
C016,DevOps Pakistan,DevOps Pakistan,https://www.devopspakistan.com,https://www.linkedin.com/company/devops-pakistan,https://facebook.com/devopspakistan,https://twitter.com/devopspakistan,+92-346-5630357,10,ERP Solutions,Lahore,Khyber Pakhtunkhwa,Pakistan,DevOps Pakistan provides it infrastructure management in the ERP Solutions sector.,"Git, JIRA, Confluence","ERP Solutions, IT Infrastructure Management, Pakistan, IT Services",IT Infrastructure Management,20808,"Lahore, Khyber Pakhtunkhwa, Pakistan",,2021,$5M - $10M,7742,525881,https://example.com/logos/devops_pakistan.png
C017,RetailTech Pakistan,RetailTech Pakistan,https://www.retailtechpakistan.com,https://www.linkedin.com/company/retailtech-pakistan,https://facebook.com/retailtechpakistan,https://twitter.com/retailtechpakistan,+92-308-9201090,100,Cybersecurity,Rawalpindi,Sindh,Pakistan,RetailTech Pakistan provides enterprise software development in the Cybersecurity sector.,"Python, Java, .NET, React, Angular","Cybersecurity, Enterprise Software Development, Pakistan, IT Services",Enterprise Software Development,85988,"Rawalpindi, Sindh, Pakistan",,2019,Not disclosed,7498,597344,https://example.com/logos/retailtech_pakistan.png
C018,RealEstateTech Pakistan,RealEstateTech Pakistan,https://www.realestatetechpakistan.com,https://www.linkedin.com/company/realestatetech-pakistan,https://facebook.com/realestatetechpakistan,https://twitter.com/realestatetechpakistan,+92-352-2115060,50,Digital Transformation,Karachi,Sindh,Pakistan,RealEstateTech Pakistan provides web development in the Digital Transformation sector.,"MySQL, PostgreSQL, MongoDB","Digital Transformation, Web Development, Pakistan, IT Services",Web Development,60261,"Karachi, Sindh, Pakistan",,2020,$10M - $50M,7033,535052,https://example.com/logos/realestatetech_pakistan.png
C019,CloudTech Pakistan,CloudTech Pakistan,https://www.cloudtechpakistan.com,https://www.linkedin.com/company/cloudtech-pakistan,https://facebook.com/cloudtechpakistan,https://twitter.com/cloudtechpakistan,+92-320-4065322,1000,Software Development,Karachi,Punjab,Pakistan,CloudTech Pakistan provides web development in the Software Development sector.,"Oracle, SAP, Microsoft Dynamics","Software Development, Web Development, Pakistan, IT Services",Web Development,10788,"Karachi, Punjab, Pakistan",,2021,Not disclosed,7743,590938,https://example.com/logos/cloudtech_pakistan.png
C020,AgriTech Pakistan,AgriTech Pakistan,https://www.agritechpakistan.com,https://www.linkedin.com/company/agritech-pakistan,https://facebook.com/agritechpakistan,https://twitter.com/agritechpakistan,+92-359-6647489,500,IT Services,Karachi,Khyber Pakhtunkhwa,Pakistan,AgriTech Pakistan provides cybersecurity services in the IT Services sector.,"AWS, Azure, Google Cloud","IT Services, Cybersecurity Services, Pakistan, IT Services",Cybersecurity Services,51313,"Karachi, Khyber Pakhtunkhwa, Pakistan",,2014,$1M - $5M,7597,552654,https://example.com/logos/agritech_pakistan.png
C021,Tech Company 21,Tech Company 21,https://www.techcompany21.com,https://www.linkedin.com/company/tech-company-21,https://facebook.com/techcompany21,https://twitter.com/techcompany21,+92-389-6522498,200,Digital Transformation,Karachi,Khyber Pakhtunkhwa,Pakistan,Tech Company 21 provides web development in the Digital Transformation sector.,"TensorFlow, PyTorch","Digital Transformation, Web Development, Pakistan, IT Services",Web Development,66576,"Karachi, Khyber Pakhtunkhwa, Pakistan",,2018,Not disclosed,7976,529971,https://example.com/logos/tech_company_21.png
C022,Tech Company 22,Tech Company 22,https://www.techcompany22.com,https://www.linkedin.com/company/tech-company-22,https://facebook.com/techcompany22,https://twitter.com/techcompany22,+92-363-1076332,200,Digital Transformation,Karachi,Sindh,Pakistan,Tech Company 22 provides cybersecurity services in the Digital Transformation sector.,"AWS, Azure, Google Cloud","Digital Transformation, Cybersecurity Services, Pakistan, IT Services",Cybersecurity Services,40231,"Karachi, Sindh, Pakistan",,2020,$5M - $10M,7722,529023,https://example.com/logos/tech_company_22.png
C023,Tech Company 23,Tech Company 23,https://www.techcompany23.com,https://www.linkedin.com/company/tech-company-23,https://facebook.com/techcompany23,https://twitter.com/techcompany23,+92-356-3747800,10,IT Services,Islamabad,Khyber Pakhtunkhwa,Pakistan,Tech Company 23 provides it infrastructure management in the IT Services sector.,"Python, Java, .NET, React, Angular","IT Services, IT Infrastructure Management, Pakistan, IT Services",IT Infrastructure Management,93860,"Islamabad, Khyber Pakhtunkhwa, Pakistan",,2020,$1M - $5M,7195,570989,https://example.com/logos/tech_company_23.png
C024,Tech Company 24,Tech Company 24,https://www.techcompany24.com,https://www.linkedin.com/company/tech-company-24,https://facebook.com/techcompany24,https://twitter.com/techcompany24,+92-395-4363233,50,Healthcare IT,Karachi,Sindh,Pakistan,Tech Company 24 provides it infrastructure management in the Healthcare IT sector.,"Git, JIRA, Confluence","Healthcare IT, IT Infrastructure Management, Pakistan, IT Services",IT Infrastructure Management,32861,"Karachi, Sindh, Pakistan",,2010,$50M - $100M,7680,507869,https://example.com/logos/tech_company_24.png
C025,Tech Company 25,Tech Company 25,https://www.techcompany25.com,https://www.linkedin.com/company/tech-company-25,https://facebook.com/techcompany25,https://twitter.com/techcompany25,+92-310-6954946,200,IT Services,Lahore,Islamabad Capital Territory,Pakistan,Tech Company 25 provides digital transformation consulting in the IT Services sector.,"MySQL, PostgreSQL, MongoDB","IT Services, Digital Transformation Consulting, Pakistan, IT Services",Digital Transformation Consulting,86338,"Lahore, Islamabad Capital Territory, Pakistan",,2021,Not disclosed,7078,571856,https://example.com/logos/tech_company_25.png
C026,Tech Company 26,Tech Company 26,https://www.techcompany26.com,https://www.linkedin.com/company/tech-company-26,https://facebook.com/techcompany26,https://twitter.com/techcompany26,+92-356-2826298,1000,Cybersecurity,Karachi,Sindh,Pakistan,Tech Company 26 provides erp implementation in the Cybersecurity sector.,"Python, Java, .NET, React, Angular","Cybersecurity, ERP Implementation, Pakistan, IT Services",ERP Implementation,31833,"Karachi, Sindh, Pakistan",,2013,$1M - $5M,7828,507073,https://example.com/logos/tech_company_26.png
C027,Tech Company 27,Tech Company 27,https://www.techcompany27.com,https://www.linkedin.com/company/tech-company-27,https://facebook.com/techcompany27,https://twitter.com/techcompany27,+92-329-6556124,50,E-commerce,Faisalabad,Sindh,Pakistan,Tech Company 27 provides erp implementation in the E-commerce sector.,"TensorFlow, PyTorch","E-commerce, ERP Implementation, Pakistan, IT Services",ERP Implementation,70017,"Faisalabad, Sindh, Pakistan",,2017,$1M - $5M,7591,557606,https://example.com/logos/tech_company_27.png
C028,Tech Company 28,Tech Company 28,https://www.techcompany28.com,https://www.linkedin.com/company/tech-company-28,https://facebook.com/techcompany28,https://twitter.com/techcompany28,+92-387-7856076,500,Fintech,Karachi,Khyber Pakhtunkhwa,Pakistan,Tech Company 28 provides web development in the Fintech sector.,"TensorFlow, PyTorch","Fintech, Web Development, Pakistan, IT Services",Web Development,22233,"Karachi, Khyber Pakhtunkhwa, Pakistan",,2014,$50M - $100M,7436,506349,https://example.com/logos/tech_company_28.png
C029,Tech Company 29,Tech Company 29,https://www.techcompany29.com,https://www.linkedin.com/company/tech-company-29,https://facebook.com/techcompany29,https://twitter.com/techcompany29,+92-330-5791556,25,Fintech,Islamabad,Khyber Pakhtunkhwa,Pakistan,Tech Company 29 provides it infrastructure management in the Fintech sector.,"Oracle, SAP, Microsoft Dynamics","Fintech, IT Infrastructure Management, Pakistan, IT Services",IT Infrastructure Management,12263,"Islamabad, Khyber Pakhtunkhwa, Pakistan",,2016,$5M - $10M,7317,534777,https://example.com/logos/tech_company_29.png
C030,Tech Company 30,Tech Company 30,https://www.techcompany30.com,https://www.linkedin.com/company/tech-company-30,https://facebook.com/techcompany30,https://twitter.com/techcompany30,+92-399-7087945,200,Healthcare IT,Faisalabad,Sindh,Pakistan,Tech Company 30 provides it infrastructure management in the Healthcare IT sector.,"Salesforce, HubSpot","Healthcare IT, IT Infrastructure Management, Pakistan, IT Services",IT Infrastructure Management,37487,"Faisalabad, Sindh, Pakistan",,2013,Not disclosed,7911,512599,https://example.com/logos/tech_company_30.png
C031,Tech Company 31,Tech Company 31,https://www.techcompany31.com,https://www.linkedin.com/company/tech-company-31,https://facebook.com/techcompany31,https://twitter.com/techcompany31,+92-392-6723208,1000,IT Services,Faisalabad,Punjab,Pakistan,Tech Company 31 provides data analytics solutions in the IT Services sector.,"Python, Java, .NET, React, Angular","IT Services, Data Analytics Solutions, Pakistan, IT Services",Data Analytics Solutions,92669,"Faisalabad, Punjab, Pakistan",,2012,$10M - $50M,7734,504319,https://example.com/logos/tech_company_31.png
C032,Tech Company 32,Tech Company 32,https://www.techcompany32.com,https://www.linkedin.com/company/tech-company-32,https://facebook.com/techcompany32,https://twitter.com/techcompany32,+92-373-5724314,500,IT Services,Islamabad,Punjab,Pakistan,Tech Company 32 provides ai/ml solutions in the IT Services sector.,"Oracle, SAP, Microsoft Dynamics","IT Services, AI/ML Solutions, Pakistan, IT Services",AI/ML Solutions,90804,"Islamabad, Punjab, Pakistan",,2020,$10M - $50M,7995,554523,https://example.com/logos/tech_company_32.png
C033,Tech Company 33,Tech Company 33,https://www.techcompany33.com,https://www.linkedin.com/company/tech-company-33,https://facebook.com/techcompany33,https://twitter.com/techcompany33,+92-358-1415762,25,Cybersecurity,Rawalpindi,Punjab,Pakistan,Tech Company 33 provides enterprise software development in the Cybersecurity sector.,"Oracle, SAP, Microsoft Dynamics","Cybersecurity, Enterprise Software Development, Pakistan, IT Services",Enterprise Software Development,62369,"Rawalpindi, Punjab, Pakistan",,2011,$5M - $10M,7251,591376,https://example.com/logos/tech_company_33.png
C034,Tech Company 34,Tech Company 34,https://www.techcompany34.com,https://www.linkedin.com/company/tech-company-34,https://facebook.com/techcompany34,https://twitter.com/techcompany34,+92-309-5710427,25,IT Services,Faisalabad,Khyber Pakhtunkhwa,Pakistan,Tech Company 34 provides erp implementation in the IT Services sector.,"React Native, Flutter","IT Services, ERP Implementation, Pakistan, IT Services",ERP Implementation,55354,"Faisalabad, Khyber Pakhtunkhwa, Pakistan",,2013,$50M - $100M,7800,553904,https://example.com/logos/tech_company_34.png
C035,Tech Company 35,Tech Company 35,https://www.techcompany35.com,https://www.linkedin.com/company/tech-company-35,https://facebook.com/techcompany35,https://twitter.com/techcompany35,+92-392-1589397,25,Cloud Computing,Islamabad,Sindh,Pakistan,Tech Company 35 provides data analytics solutions in the Cloud Computing sector.,"MySQL, PostgreSQL, MongoDB","Cloud Computing, Data Analytics Solutions, Pakistan, IT Services",Data Analytics Solutions,13631,"Islamabad, Sindh, Pakistan",,2017,$5M - $10M,7069,587711,https://example.com/logos/tech_company_35.png
C036,Tech Company 36,Tech Company 36,https://www.techcompany36.com,https://www.linkedin.com/company/tech-company-36,https://facebook.com/techcompany36,https://twitter.com/techcompany36,+92-398-8352811,1000,IT Services,Karachi,Islamabad Capital Territory,Pakistan,Tech Company 36 provides enterprise software development in the IT Services sector.,"AWS, Azure, Google Cloud","IT Services, Enterprise Software Development, Pakistan, IT Services",Enterprise Software Development,32635,"Karachi, Islamabad Capital Territory, Pakistan",,2017,$50M - $100M,7816,585479,https://example.com/logos/tech_company_36.png
C037,Tech Company 37,Tech Company 37,https://www.techcompany37.com,https://www.linkedin.com/company/tech-company-37,https://facebook.com/techcompany37,https://twitter.com/techcompany37,+92-366-8966886,25,Cybersecurity,Rawalpindi,Punjab,Pakistan,Tech Company 37 provides cybersecurity services in the Cybersecurity sector.,"MySQL, PostgreSQL, MongoDB","Cybersecurity, Cybersecurity Services, Pakistan, IT Services",Cybersecurity Services,76713,"Rawalpindi, Punjab, Pakistan",,2010,$50M - $100M,7011,575437,https://example.com/logos/tech_company_37.png
C038,Tech Company 38,Tech Company 38,https://www.techcompany38.com,https://www.linkedin.com/company/tech-company-38,https://facebook.com/techcompany38,https://twitter.com/techcompany38,+92-320-1524334,200,Cloud Computing,Faisalabad,Khyber Pakhtunkhwa,Pakistan,Tech Company 38 provides mobile app development in the Cloud Computing sector.,"MySQL, PostgreSQL, MongoDB","Cloud Computing, Mobile App Development, Pakistan, IT Services",Mobile App Development,42224,"Faisalabad, Khyber Pakhtunkhwa, Pakistan",,2013,$1M - $5M,7452,506040,https://example.com/logos/tech_company_38.png
C039,Tech Company 39,Tech Company 39,https://www.techcompany39.com,https://www.linkedin.com/company/tech-company-39,https://facebook.com/techcompany39,https://twitter.com/techcompany39,+92-310-1343784,500,Cybersecurity,Lahore,Sindh,Pakistan,Tech Company 39 provides enterprise software development in the Cybersecurity sector.,"React Native, Flutter","Cybersecurity, Enterprise Software Development, Pakistan, IT Services",Enterprise Software Development,13149,"Lahore, Sindh, Pakistan",,2014,$10M - $50M,7743,586225,https://example.com/logos/tech_company_39.png
C040,Tech Company 40,Tech Company 40,https://www.techcompany40.com,https://www.linkedin.com/company/tech-company-40,https://facebook.com/techcompany40,https://twitter.com/techcompany40,+92-366-1747078,25,E-commerce,Faisalabad,Sindh,Pakistan,Tech Company 40 provides ai/ml solutions in the E-commerce sector.,"Salesforce, HubSpot","E-commerce, AI/ML Solutions, Pakistan, IT Services",AI/ML Solutions,85506,"Faisalabad, Sindh, Pakistan",,2016,Not disclosed,7489,551176,https://example.com/logos/tech_company_40.png
C041,Tech Company 41,Tech Company 41,https://www.techcompany41.com,https://www.linkedin.com/company/tech-company-41,https://facebook.com/techcompany41,https://twitter.com/techcompany41,+92-318-6877082,25,Cloud Computing,Faisalabad,Islamabad Capital Territory,Pakistan,Tech Company 41 provides software testing & qa in the Cloud Computing sector.,"Docker, Kubernetes, Jenkins","Cloud Computing, Software Testing & QA, Pakistan, IT Services",Software Testing & QA,99312,"Faisalabad, Islamabad Capital Territory, Pakistan",,2015,$50M - $100M,7611,593111,https://example.com/logos/tech_company_41.png
C042,Tech Company 42,Tech Company 42,https://www.techcompany42.com,https://www.linkedin.com/company/tech-company-42,https://facebook.com/techcompany42,https://twitter.com/techcompany42,+92-335-5360071,200,Software Development,Islamabad,Islamabad Capital Territory,Pakistan,Tech Company 42 provides mobile app development in the Software Development sector.,"Docker, Kubernetes, Jenkins","Software Development, Mobile App Development, Pakistan, IT Services",Mobile App Development,78713,"Islamabad, Islamabad Capital Territory, Pakistan",,2023,$1M - $5M,7020,558678,https://example.com/logos/tech_company_42.png
C043,Tech Company 43,Tech Company 43,https://www.techcompany43.com,https://www.linkedin.com/company/tech-company-43,https://facebook.com/techcompany43,https://twitter.com/techcompany43,+92-332-4418546,1000,Healthcare IT,Lahore,Punjab,Pakistan,Tech Company 43 provides erp implementation in the Healthcare IT sector.,"AWS, Azure, Google Cloud","Healthcare IT, ERP Implementation, Pakistan, IT Services",ERP Implementation,27823,"Lahore, Punjab, Pakistan",,2023,$1M - $5M,7454,572263,https://example.com/logos/tech_company_43.png
C044,Tech Company 44,Tech Company 44,https://www.techcompany44.com,https://www.linkedin.com/company/tech-company-44,https://facebook.com/techcompany44,https://twitter.com/techcompany44,+92-356-3932362,100,Cloud Computing,Rawalpindi,Khyber Pakhtunkhwa,Pakistan,Tech Company 44 provides web development in the Cloud Computing sector.,"Docker, Kubernetes, Jenkins","Cloud Computing, Web Development, Pakistan, IT Services",Web Development,38764,"Rawalpindi, Khyber Pakhtunkhwa, Pakistan",,2018,Not disclosed,7985,515169,https://example.com/logos/tech_company_44.png
C045,Tech Company 45,Tech Company 45,https://www.techcompany45.com,https://www.linkedin.com/company/tech-company-45,https://facebook.com/techcompany45,https://twitter.com/techcompany45,+92-370-2980619,200,E-commerce,Karachi,Islamabad Capital Territory,Pakistan,Tech Company 45 provides software testing & qa in the E-commerce sector.,"Oracle, SAP, Microsoft Dynamics","E-commerce, Software Testing & QA, Pakistan, IT Services",Software Testing & QA,45175,"Karachi, Islamabad Capital Territory, Pakistan",,2010,$1M - $5M,7368,569435,https://example.com/logos/tech_company_45.png
C046,Tech Company 46,Tech Company 46,https://www.techcompany46.com,https://www.linkedin.com/company/tech-company-46,https://facebook.com/techcompany46,https://twitter.com/techcompany46,+92-399-9585670,25,ERP Solutions,Lahore,Sindh,Pakistan,Tech Company 46 provides erp implementation in the ERP Solutions sector.,"Oracle, SAP, Microsoft Dynamics","ERP Solutions, ERP Implementation, Pakistan, IT Services",ERP Implementation,72174,"Lahore, Sindh, Pakistan",,2020,$50M - $100M,7658,501021,https://example.com/logos/tech_company_46.png
C047,Tech Company 47,Tech Company 47,https://www.techcompany47.com,https://www.linkedin.com/company/tech-company-47,https://facebook.com/techcompany47,https://twitter.com/techcompany47,+92-357-3883579,500,Software Development,Islamabad,Khyber Pakhtunkhwa,Pakistan,Tech Company 47 provides it infrastructure management in the Software Development sector.,"Docker, Kubernetes, Jenkins","Software Development, IT Infrastructure Management, Pakistan, IT Services",IT Infrastructure Management,92499,"Islamabad, Khyber Pakhtunkhwa, Pakistan",,2012,$1M - $5M,7766,575604,https://example.com/logos/tech_company_47.png
C048,Tech Company 48,Tech Company 48,https://www.techcompany48.com,https://www.linkedin.com/company/tech-company-48,https://facebook.com/techcompany48,https://twitter.com/techcompany48,+92-386-6837259,200,Healthcare IT,Karachi,Islamabad Capital Territory,Pakistan,Tech Company 48 provides data analytics solutions in the Healthcare IT sector.,"TensorFlow, PyTorch","Healthcare IT, Data Analytics Solutions, Pakistan, IT Services",Data Analytics Solutions,48343,"Karachi, Islamabad Capital Territory, Pakistan",,2023,Not disclosed,7482,543403,https://example.com/logos/tech_company_48.png
C049,Tech Company 49,Tech Company 49,https://www.techcompany49.com,https://www.linkedin.com/company/tech-company-49,https://facebook.com/techcompany49,https://twitter.com/techcompany49,+92-369-5499595,25,Digital Transformation,Lahore,Punjab,Pakistan,Tech Company 49 provides web development in the Digital Transformation sector.,"Git, JIRA, Confluence","Digital Transformation, Web Development, Pakistan, IT Services",Web Development,34973,"Lahore, Punjab, Pakistan",,2010,$10M - $50M,7939,506090,https://example.com/logos/tech_company_49.png
C050,Tech Company 50,Tech Company 50,https://www.techcompany50.com,https://www.linkedin.com/company/tech-company-50,https://facebook.com/techcompany50,https://twitter.com/techcompany50,+92-352-9801385,200,ERP Solutions,Karachi,Sindh,Pakistan,Tech Company 50 provides mobile app development in the ERP Solutions sector.,"Git, JIRA, Confluence","ERP Solutions, Mobile App Development, Pakistan, IT Services",Mobile App Development,58264,"Karachi, Sindh, Pakistan",,2017,$1M - $5M,7579,514302,https://example.com/logos/tech_company_50.png
